CREATE TABLE IF NOT EXISTS "Part" (
	"PartID" INTEGER NOT NULL UNIQUE GENERATED BY DEFAULT AS IDENTITY,
	"InventreeID" INTEGER,
	PRIMARY KEY("PartID")
);




CREATE TABLE IF NOT EXISTS "Grid" (
	"GridID" INTEGER NOT NULL UNIQUE GENERATED BY DEFAULT AS IDENTITY,
	"LocationID" INTEGER,
	"Name" TEXT,
	PRIMARY KEY("GridID")
);




CREATE TABLE IF NOT EXISTS "Location" (
	"LocationID" INTEGER NOT NULL UNIQUE GENERATED BY DEFAULT AS IDENTITY,
	"name" TEXT,
	"MasterLocationID" INTEGER,
	PRIMARY KEY("LocationID")
);




CREATE TABLE IF NOT EXISTS "Bin" (
	"BinID" INTEGER NOT NULL UNIQUE GENERATED BY DEFAULT AS IDENTITY,
	"BinTypeID" INTEGER NOT NULL,
	PRIMARY KEY("BinID")
);




CREATE TABLE IF NOT EXISTS "BinSlot" (
	"BinID" INTEGER NOT NULL,
	"PartID" INTEGER NOT NULL,
	"SlotNr" INTEGER NOT NULL,
	PRIMARY KEY("BinID", "SlotNr")
);




CREATE TABLE IF NOT EXISTS "BinType" (
	"BinTypeID" INTEGER NOT NULL UNIQUE GENERATED BY DEFAULT AS IDENTITY,
	"SlotCount" INTEGER NOT NULL,
	"X" INTEGER NOT NULL,
	"Y" INTEGER NOT NULL,
	PRIMARY KEY("BinTypeID")
);




CREATE TABLE IF NOT EXISTS "GridPos" (
	"GridPosID" INTEGER NOT NULL UNIQUE GENERATED BY DEFAULT AS IDENTITY,
	"X" INTEGER NOT NULL,
	"Y" INTEGER NOT NULL,
	"BinID" INTEGER,
	"GridID" INTEGER NOT NULL,
	PRIMARY KEY("GridPosID")
);



ALTER TABLE "BinSlot"
ADD FOREIGN KEY("BinID") REFERENCES "Bin"("BinID")
ON UPDATE CASCADE ON DELETE RESTRICT;
ALTER TABLE "BinSlot"
ADD FOREIGN KEY("PartID") REFERENCES "Part"("PartID")
ON UPDATE CASCADE ON DELETE RESTRICT;
ALTER TABLE "Bin"
ADD FOREIGN KEY("BinTypeID") REFERENCES "BinType"("BinTypeID")
ON UPDATE CASCADE ON DELETE RESTRICT;
ALTER TABLE "Location"
ADD FOREIGN KEY("MasterLocationID") REFERENCES "Location"("LocationID")
ON UPDATE CASCADE ON DELETE RESTRICT;
ALTER TABLE "Grid"
ADD FOREIGN KEY("LocationID") REFERENCES "Location"("LocationID")
ON UPDATE CASCADE ON DELETE RESTRICT;
ALTER TABLE "GridPos"
ADD FOREIGN KEY("BinID") REFERENCES "Bin"("BinID")
ON UPDATE CASCADE ON DELETE RESTRICT;
ALTER TABLE "GridPos"
ADD FOREIGN KEY("GridID") REFERENCES "Grid"("GridID")
ON UPDATE CASCADE ON DELETE RESTRICT;

INSERT INTO "Location" ("LocationID", "name", "MasterLocationID")
VALUES
  (1, 'Root', NULL),
  (2, 'Testlager', 1),
  (3, 'Testsschubladen', 2)
ON CONFLICT ("LocationID") DO NOTHING;

INSERT INTO "Grid" ("GridID", "LocationID", "Name")
VALUES
  (1, 2, 'Oberste Schublade')
ON CONFLICT ("GridID") DO NOTHING;

INSERT INTO "BinType" ("BinTypeID", "SlotCount", "X", "Y")
VALUES
  (1, 1, 1, 1),
  (2, 3, 2, 1)
ON CONFLICT ("BinTypeID") DO NOTHING;

INSERT INTO "Bin" ("BinID", "BinTypeID")
VALUES
  (1, 1),
  (2, 2)
ON CONFLICT ("BinID") DO NOTHING;

INSERT INTO "Part" ("PartID", "InventreeID")
VALUES
  (1, NULL),
  (2, NULL)
ON CONFLICT ("PartID") DO NOTHING;

INSERT INTO "BinSlot" ("BinID", "SlotNr", "PartID")
VALUES
  (1, 1, 1),
  (2, 2, 2),
  (2, 1, 1)
ON CONFLICT ("BinID", "SlotNr") DO NOTHING;

INSERT INTO "GridPos" ("GridPosID", "X", "Y", "BinID", "GridID")
VALUES
  (1, 0, 0, 1, 1),
  (2, 1, 0, 1, 1),
  (3, 0, 1, 2, 1),
  (4, 1, 1, NULL, 1)
ON CONFLICT ("GridPosID") DO NOTHING;